{
  "metadata": {
    "adapter": "dstpy",
    "total_tests": 2,
    "run_id": "20260217_044234",
    "timestamp": "2026-02-17T04:43:46.435599"
  },
  "tests": [
    {
      "test_name": "large_001",
      "frame_size": 15,
      "sources_count": 3,
      "iterations_count": 1
    },
    {
      "test_name": "large_002",
      "frame_size": 15,
      "sources_count": 3,
      "iterations_count": 1
    }
  ],
  "statistics": {
    "total_tests": 2,
    "tests_with_failed_steps": 0,
    "tests_with_full_conflict": 0,
    "frame_size": {
      "min": 15,
      "max": 15,
      "mean": 15,
      "median": 15.0
    },
    "sources_count": {
      "min": 3,
      "max": 3,
      "mean": 3,
      "median": 3.0
    },
    "performance": {
      "step1": {
        "time_ms": {
          "min": 582.0039000245742,
          "max": 751.0729000205174,
          "mean": 666.5384000225458,
          "median": 666.5384000225458,
          "std": 119.54983638555979,
          "sample_count": 2,
          "success_count": 2,
          "success_rate": 100.0
        }
      },
      "step2": {
        "time_ms": {
          "min": 129.10000002011657,
          "max": 166.64579999633133,
          "mean": 147.87290000822395,
          "median": 147.87290000822395,
          "std": 26.548889768255176,
          "sample_count": 2,
          "success_count": 2,
          "success_rate": 100.0
        }
      },
      "step3": {
        "time_ms": {
          "min": 153.0040999641642,
          "max": 191.01960002444685,
          "mean": 172.01184999430552,
          "median": 172.01184999430552,
          "std": 26.881017882823468,
          "sample_count": 2,
          "success_count": 2,
          "success_rate": 100.0
        }
      },
      "step4": {
        "time_ms": {
          "min": 209.6713000210002,
          "max": 251.10550003591925,
          "mean": 230.38840002845973,
          "median": 230.38840002845973,
          "std": 29.298403803589004,
          "sample_count": 2,
          "success_count": 2,
          "success_rate": 100.0
        }
      },
      "total": {
        "time_ms": {
          "min": 1190.7748000812717,
          "max": 1242.8483000257984,
          "mean": 1216.811550053535,
          "median": 1216.811550053535,
          "std": 36.82152493089214,
          "sample_count": 2,
          "success_count": 2,
          "success_rate": 100.0
        }
      }
    }
  },
  "detailed_analysis": {
    "step_performance": {
      "step1": [
        751.0729000205174,
        582.0039000245742
      ],
      "step2": [
        129.10000002011657,
        166.64579999633133
      ],
      "step3": [
        153.0040999641642,
        191.01960002444685
      ],
      "step4": [
        209.6713000210002,
        251.10550003591925
      ],
      "total": [
        1242.8483000257984,
        1190.7748000812717
      ]
    },
    "step_success_rates": {
      "step1": {
        "successful": 2,
        "total": 2,
        "success_rate": 100.0
      },
      "step2": {
        "successful": 2,
        "total": 2,
        "success_rate": 100.0
      },
      "step3": {
        "successful": 2,
        "total": 2,
        "success_rate": 100.0
      },
      "step4": {
        "successful": 2,
        "total": 2,
        "success_rate": 100.0
      },
      "total": {
        "successful": 2,
        "total": 2,
        "success_rate": 100.0
      }
    },
    "failed_steps_by_test": {},
    "error_types": {}
  }
}