{
  "run_meta": {
    "adapter": "dstz",
    "run_id": "20260218_044119",
    "generated_at": "2026-02-18T04:42:27.285825",
    "discovered_tests": 2,
    "executed_tests": 2,
    "run_dir": "results\\profiling\\dstz\\20260218_044119"
  },
  "totals": {
    "success": 2,
    "failed": 0,
    "full_conflict": 0,
    "not_supported": 0
  },
  "tests": [
    {
      "test_name": "large_001",
      "status": "success",
      "frame_size": 15,
      "sources_count": 3,
      "input_ref": "input/large_001_input.json",
      "result_ref": "test_results/large_001_results.json",
      "iterations_count": 1,
      "steps": {
        "step1": {
          "name": "step1_original",
          "samples": {
            "time_total_ms": {
              "sample_count": 1,
              "mean": 1407.6027999981306,
              "min": 1407.6027999981306,
              "max": 1407.6027999981306,
              "median": 1407.6027999981306,
              "std": 0.0
            },
            "time_per_repeat_ms": {
              "sample_count": 1,
              "mean": 140.76027999981306,
              "min": 140.76027999981306,
              "max": 140.76027999981306,
              "median": 140.76027999981306,
              "std": 0.0
            }
          }
        },
        "step2": {
          "name": "step2_dempster",
          "samples": {
            "time_total_ms": {
              "sample_count": 1,
              "mean": 880.838599987328,
              "min": 880.838599987328,
              "max": 880.838599987328,
              "median": 880.838599987328,
              "std": 0.0
            },
            "time_per_repeat_ms": {
              "sample_count": 1,
              "mean": 88.0838599987328,
              "min": 88.0838599987328,
              "max": 88.0838599987328,
              "median": 88.0838599987328,
              "std": 0.0
            }
          }
        },
        "step3": {
          "name": "step3_discount_dempster",
          "samples": {
            "time_total_ms": {
              "sample_count": 1,
              "mean": 6092.2842000145465,
              "min": 6092.2842000145465,
              "max": 6092.2842000145465,
              "median": 6092.2842000145465,
              "std": 0.0
            },
            "time_per_repeat_ms": {
              "sample_count": 1,
              "mean": 609.2284200014547,
              "min": 609.2284200014547,
              "max": 609.2284200014547,
              "median": 609.2284200014547,
              "std": 0.0
            }
          }
        },
        "step4": {
          "name": "step4_yager",
          "samples": {
            "time_total_ms": {
              "sample_count": 0,
              "mean": 0.0,
              "min": 0.0,
              "max": 0.0,
              "median": 0.0,
              "std": 0.0
            },
            "time_per_repeat_ms": {
              "sample_count": 0,
              "mean": 0.0,
              "min": 0.0,
              "max": 0.0,
              "median": 0.0,
              "std": 0.0
            }
          }
        }
      },
      "errors": [
        {
          "iteration": 1,
          "step": "step4_yager",
          "status": "not_supported",
          "message": "В dstz отсутствует встроенное правило Ягера. Для честного сравнения адаптер не реализует его самостоятельно."
        }
      ],
      "total_time_ms": {
        "sample_count": 0,
        "mean": 0.0,
        "min": 0.0,
        "max": 0.0,
        "median": 0.0,
        "std": 0.0
      },
      "total_time_per_repeat_ms": {
        "sample_count": 0,
        "mean": 0.0,
        "min": 0.0,
        "max": 0.0,
        "median": 0.0,
        "std": 0.0
      }
    },
    {
      "test_name": "large_002",
      "status": "success",
      "frame_size": 15,
      "sources_count": 3,
      "input_ref": "input/large_002_input.json",
      "result_ref": "test_results/large_002_results.json",
      "iterations_count": 1,
      "steps": {
        "step1": {
          "name": "step1_original",
          "samples": {
            "time_total_ms": {
              "sample_count": 1,
              "mean": 1371.4550000149757,
              "min": 1371.4550000149757,
              "max": 1371.4550000149757,
              "median": 1371.4550000149757,
              "std": 0.0
            },
            "time_per_repeat_ms": {
              "sample_count": 1,
              "mean": 137.14550000149757,
              "min": 137.14550000149757,
              "max": 137.14550000149757,
              "median": 137.14550000149757,
              "std": 0.0
            }
          }
        },
        "step2": {
          "name": "step2_dempster",
          "samples": {
            "time_total_ms": {
              "sample_count": 1,
              "mean": 1688.790800049901,
              "min": 1688.790800049901,
              "max": 1688.790800049901,
              "median": 1688.790800049901,
              "std": 0.0
            },
            "time_per_repeat_ms": {
              "sample_count": 1,
              "mean": 168.8790800049901,
              "min": 168.8790800049901,
              "max": 168.8790800049901,
              "median": 168.8790800049901,
              "std": 0.0
            }
          }
        },
        "step3": {
          "name": "step3_discount_dempster",
          "samples": {
            "time_total_ms": {
              "sample_count": 1,
              "mean": 6928.115100017749,
              "min": 6928.115100017749,
              "max": 6928.115100017749,
              "median": 6928.115100017749,
              "std": 0.0
            },
            "time_per_repeat_ms": {
              "sample_count": 1,
              "mean": 692.8115100017749,
              "min": 692.8115100017749,
              "max": 692.8115100017749,
              "median": 692.8115100017749,
              "std": 0.0
            }
          }
        },
        "step4": {
          "name": "step4_yager",
          "samples": {
            "time_total_ms": {
              "sample_count": 0,
              "mean": 0.0,
              "min": 0.0,
              "max": 0.0,
              "median": 0.0,
              "std": 0.0
            },
            "time_per_repeat_ms": {
              "sample_count": 0,
              "mean": 0.0,
              "min": 0.0,
              "max": 0.0,
              "median": 0.0,
              "std": 0.0
            }
          }
        }
      },
      "errors": [
        {
          "iteration": 1,
          "step": "step4_yager",
          "status": "not_supported",
          "message": "В dstz отсутствует встроенное правило Ягера. Для честного сравнения адаптер не реализует его самостоятельно."
        }
      ],
      "total_time_ms": {
        "sample_count": 0,
        "mean": 0.0,
        "min": 0.0,
        "max": 0.0,
        "median": 0.0,
        "std": 0.0
      },
      "total_time_per_repeat_ms": {
        "sample_count": 0,
        "mean": 0.0,
        "min": 0.0,
        "max": 0.0,
        "median": 0.0,
        "std": 0.0
      }
    }
  ],
  "statistics": {
    "steps": {
      "step1": {
        "counts": {
          "applicable": 2,
          "success": 2,
          "failed": 0,
          "full_conflict": 0,
          "not_supported": 0
        },
        "success_rate": 100.0,
        "time_total_ms": {
          "sample_count": 2,
          "mean": 1389.5289000065532,
          "min": 1371.4550000149757,
          "max": 1407.6027999981306,
          "median": 1389.5289000065532,
          "std": 25.560354493063855
        },
        "time_per_repeat_ms": {
          "sample_count": 2,
          "mean": 138.95289000065532,
          "min": 137.14550000149757,
          "max": 140.76027999981306,
          "median": 138.95289000065532,
          "std": 2.5560354493063855
        }
      },
      "step2": {
        "counts": {
          "applicable": 2,
          "success": 2,
          "failed": 0,
          "full_conflict": 0,