{
  "metadata": {
    "adapter": "our",
    "total_tests": 2,
    "run_id": "20260217_030249",
    "timestamp": "2026-02-17T03:03:49.236465"
  },
  "tests": [
    {
      "test_name": "large_001",
      "frame_size": 15,
      "sources_count": 3,
      "iterations_count": 1
    },
    {
      "test_name": "large_002",
      "frame_size": 15,
      "sources_count": 3,
      "iterations_count": 1
    }
  ],
  "statistics": {
    "total_tests": 2,
    "tests_with_failed_steps": 0,
    "tests_with_full_conflict": 0,
    "frame_size": {
      "min": 15,
      "max": 15,
      "mean": 15,
      "median": 15.0
    },
    "sources_count": {
      "min": 3,
      "max": 3,
      "mean": 3,
      "median": 3.0
    },
    "performance": {
      "step1": {
        "time_ms": {
          "min": 220.02599999541417,
          "max": 411.72209999058396,
          "mean": 315.87404999299906,
          "median": 315.87404999299906,
          "std": 135.54961223359905,
          "sample_count": 2,
          "success_count": 2,
          "success_rate": 100.0
        }
      },
      "step2": {
        "time_ms": {
          "min": 90.20009997766465,
          "max": 133.49350000498816,
          "mean": 111.8467999913264,
          "median": 111.8467999913264,
          "std": 30.61305673994232,
          "sample_count": 2,
          "success_count": 2,
          "success_rate": 100.0
        }
      },
      "step3": {
        "time_ms": {
          "min": 156.75890003331006,
          "max": 170.49970000516623,
          "mean": 163.62930001923814,
          "median": 163.62930001923814,
          "std": 9.716212839027424,
          "sample_count": 2,
          "success_count": 2,
          "success_rate": 100.0
        }
      },
      "step4": {
        "time_ms": {
          "min": 88.98479997878894,
          "max": 109.87639997620136,
          "mean": 99.43059997749515,
          "median": 99.43059997749515,
          "std": 14.772592028007177,
          "sample_count": 2,
          "success_count": 2,
          "success_rate": 100.0
        }
      },
      "total": {
        "time_ms": {
          "min": 620.1548000099137,
          "max": 761.4066999522038,
          "mean": 690.7807499810588,
          "median": 690.7807499810588,
          "std": 99.880176304677,
          "sample_count": 2,
          "success_count": 2,
          "success_rate": 100.0
        }
      }
    }
  },
  "detailed_analysis": {
    "step_performance": {
      "step1": [
        411.72209999058396,
        220.02599999541417
      ],
      "step2": [
        90.20009997766465,
        133.49350000498816
      ],
      "step3": [
        170.49970000516623,
        156.75890003331006
      ],
      "step4": [
        88.98479997878894,
        109.87639997620136
      ],
      "total": [
        761.4066999522038,
        620.1548000099137
      ]
    },
    "step_success_rates": {
      "step1": {
        "successful": 2,
        "total": 2,
        "success_rate": 100.0
      },
      "step2": {
        "successful": 2,
        "total": 2,
        "success_rate": 100.0
      },
      "step3": {
        "successful": 2,
        "total": 2,
        "success_rate": 100.0
      },
      "step4": {
        "successful": 2,
        "total": 2,
        "success_rate": 100.0
      },
      "total": {
        "successful": 2,
        "total": 2,
        "success_rate": 100.0
      }
    },
    "failed_steps_by_test": {},
    "error_types": {}
  }
}