{
  "metadata": {
    "adapter": "our",
    "total_tests": 2,
    "run_id": "20260217_204050",
    "timestamp": "2026-02-17T20:41:37.680571"
  },
  "tests": [
    {
      "test_name": "large_001",
      "frame_size": 15,
      "sources_count": 3,
      "iterations_count": 1
    },
    {
      "test_name": "large_002",
      "frame_size": 15,
      "sources_count": 3,
      "iterations_count": 1
    }
  ],
  "statistics": {
    "total_tests": 2,
    "tests_with_failed_steps": 0,
    "tests_with_full_conflict": 0,
    "frame_size": {
      "min": 15,
      "max": 15,
      "mean": 15,
      "median": 15.0
    },
    "sources_count": {
      "min": 3,
      "max": 3,
      "mean": 3,
      "median": 3.0
    },
    "performance": {
      "step1": {
        "time_ms": {
          "min": 164.29330001119524,
          "max": 180.8043000055477,
          "mean": 172.54880000837147,
          "median": 172.54880000837147,
          "std": 11.675040060177672,
          "sample_count": 2,
          "success_count": 2,
          "success_rate": 100.0
        }
      },
      "step2": {
        "time_ms": {
          "min": 61.776099959388375,
          "max": 63.75160004245117,
          "mean": 62.763850000919774,
          "median": 62.763850000919774,
          "std": 1.3968895049682921,
          "sample_count": 2,
          "success_count": 2,
          "success_rate": 100.0
        }
      },
      "step3": {
        "time_ms": {
          "min": 114.116600016132,
          "max": 122.76739999651909,
          "mean": 118.44200000632554,
          "median": 118.44200000632554,
          "std": 6.117039328820165,
          "sample_count": 2,
          "success_count": 2,
          "success_rate": 100.0
        }
      },
      "step4": {
        "time_ms": {
          "min": 68.81849997444078,
          "max": 69.55509999534115,
          "mean": 69.18679998489097,
          "median": 69.18679998489097,
          "std": 0.5208548698008033,
          "sample_count": 2,
          "success_count": 2,
          "success_rate": 100.0
        }
      },
      "total": {
        "time_ms": {
          "min": 420.36740004550666,
          "max": 425.51549995550886,
          "mean": 422.94145000050776,
          "median": 422.94145000050776,
          "std": 3.640256356588412,
          "sample_count": 2,
          "success_count": 2,
          "success_rate": 100.0
        }
      }
    }
  },
  "detailed_analysis": {
    "step_performance": {
      "step1": [
        180.8043000055477,
        164.29330001119524
      ],
      "step2": [
        61.776099959388375,
        63.75160004245117
      ],
      "step3": [
        114.116600016132,
        122.76739999651909
      ],
      "step4": [
        68.81849997444078,
        69.55509999534115
      ],
      "total": [
        425.51549995550886,
        420.36740004550666
      ]
    },
    "step_success_rates": {
      "step1": {
        "successful": 2,
        "total": 2,
        "success_rate": 100.0
      },
      "step2": {
        "successful": 2,
        "total": 2,
        "success_rate": 100.0
      },
      "step3": {
        "successful": 2,
        "total": 2,
        "success_rate": 100.0
      },
      "step4": {
        "successful": 2,
        "total": 2,
        "success_rate": 100.0
      },
      "total": {
        "successful": 2,
        "total": 2,
        "success_rate": 100.0
      }
    },
    "failed_steps_by_test": {},
    "error_types": {}
  }
}