{
  "metadata": {
    "adapter": "ourimplementation",
    "total_tests": 2,
    "run_id": "20260212_155709",
    "timestamp": "2026-02-12T15:58:46.337388"
  },
  "tests": [
    {
      "test_name": "large_001",
      "frame_size": 15,
      "sources_count": 3,
      "iterations_count": 2
    },
    {
      "test_name": "large_002",
      "frame_size": 15,
      "sources_count": 3,
      "iterations_count": 2
    }
  ],
  "statistics": {
    "total_tests": 2,
    "tests_with_failed_steps": 0,
    "tests_with_full_conflict": 0,
    "frame_size": {
      "min": 15,
      "max": 15,
      "mean": 15,
      "median": 15.0
    },
    "sources_count": {
      "min": 3,
      "max": 3,
      "mean": 3,
      "median": 3.0
    },
    "performance": {
      "step1": {
        "time_ms": {
          "min": 76.92459999816492,
          "max": 89.14110000114306,
          "mean": 83.03284999965399,
          "median": 83.03284999965399,
          "std": 8.638369994471319,
          "sample_count": 2,
          "success_count": 2,
          "success_rate": 100.0
        }
      },
      "step2": {
        "time_ms": {
          "min": 30.668700001115212,
          "max": 32.964400001219474,
          "mean": 31.816550001167343,
          "median": 31.816550001167343,
          "std": 1.6233050376436813,
          "sample_count": 2,
          "success_count": 2,
          "success_rate": 100.0
        }
      },
      "step3": {
        "time_ms": {
          "min": 58.267399999749614,
          "max": 59.722400001192,
          "mean": 58.99490000047081,
          "median": 58.99490000047081,
          "std": 1.0288403676463476,
          "sample_count": 2,
          "success_count": 2,
          "success_rate": 100.0
        }
      },
      "step4": {
        "time_ms": {
          "min": 35.245499999291496,
          "max": 36.423900000954745,
          "mean": 35.83470000012312,
          "median": 35.83470000012312,
          "std": 0.8332546321263222,
          "sample_count": 2,
          "success_count": 2,
          "success_rate": 100.0
        }
      },
      "total": {
        "time_ms": {
          "min": 204.8568999998679,
          "max": 214.50110000296263,
          "mean": 209.67900000141526,
          "median": 209.67900000141526,
          "std": 6.8194792213076125,
          "sample_count": 2,
          "success_count": 2,
          "success_rate": 100.0
        }
      }
    }
  },
  "detailed_analysis": {
    "step_performance": {
      "step1": [
        89.14110000114306,
        76.92459999816492
      ],
      "step2": [
        30.668700001115212,
        32.964400001219474
      ],
      "step3": [
        58.267399999749614,
        59.722400001192
      ],
      "step4": [
        36.423900000954745,
        35.245499999291496
      ],
      "total": [
        214.50110000296263,
        204.8568999998679
      ]
    },
    "step_success_rates": {
      "step1": {
        "successful": 2,
        "total": 2,
        "success_rate": 100.0
      },
      "step2": {
        "successful": 2,
        "total": 2,
        "success_rate": 100.0
      },
      "step3": {
        "successful": 2,
        "total": 2,
        "success_rate": 100.0
      },
      "step4": {
        "successful": 2,
        "total": 2,
        "success_rate": 100.0
      },
      "total": {
        "successful": 2,
        "total": 2,
        "success_rate": 100.0
      }
    },
    "failed_steps_by_test": {},
    "error_types": {}
  }
}