{
  "metadata": {
    "adapter": "ourimplementation",
    "total_tests": 1,
    "run_id": "ourimplementation_20260209_164522",
    "timestamp": "2026-02-09T16:45:41.746250"
  },
  "tests": [
    {
      "test_name": "large_001",
      "frame_size": 15,
      "sources_count": 3,
      "iterations_count": 1
    }
  ],
  "statistics": {
    "total_tests": 1,
    "tests_with_failed_steps": 0,
    "tests_with_full_conflict": 0,
    "frame_size": {
      "min": 15,
      "max": 15,
      "mean": 15,
      "median": 15
    },
    "sources_count": {
      "min": 3,
      "max": 3,
      "mean": 3,
      "median": 3
    },
    "performance": {
      "step1": {
        "time_ms": {
          "min": 93.98150001652539,
          "max": 93.98150001652539,
          "mean": 93.98150001652539,
          "median": 93.98150001652539,
          "std": 0,
          "sample_count": 1,
          "success_count": 1,
          "success_rate": 100.0
        }
      },
      "step2": {
        "time_ms": {
          "min": 31.572500010952353,
          "max": 31.572500010952353,
          "mean": 31.572500010952353,
          "median": 31.572500010952353,
          "std": 0,
          "sample_count": 1,
          "success_count": 1,
          "success_rate": 100.0
        }
      },
      "step3": {
        "time_ms": {
          "min": 60.05420000292361,
          "max": 60.05420000292361,
          "mean": 60.05420000292361,
          "median": 60.05420000292361,
          "std": 0,
          "sample_count": 1,
          "success_count": 1,
          "success_rate": 100.0
        }
      },
      "step4": {
        "time_ms": {
          "min": 36.245400086045265,
          "max": 36.245400086045265,
          "mean": 36.245400086045265,
          "median": 36.245400086045265,
          "std": 0,
          "sample_count": 1,
          "success_count": 1,
          "success_rate": 100.0
        }
      },
      "total": {
        "time_ms": {
          "min": 221.85360011644661,
          "max": 221.85360011644661,
          "mean": 221.85360011644661,
          "median": 221.85360011644661,
          "std": 0,
          "sample_count": 1,
          "success_count": 1,
          "success_rate": 100.0
        }
      }
    }
  },
  "detailed_analysis": {
    "step_performance": {
      "step1": [
        93.98150001652539
      ],
      "step2": [
        31.572500010952353
      ],
      "step3": [
        60.05420000292361
      ],
      "step4": [
        36.245400086045265
      ],
      "total": [
        221.85360011644661
      ]
    },
    "step_success_rates": {
      "step1": {
        "successful": 1,
        "total": 1,
        "success_rate": 100.0
      },
      "step2": {
        "successful": 1,
        "total": 1,
        "success_rate": 100.0
      },
      "step3": {
        "successful": 1,
        "total": 1,
        "success_rate": 100.0
      },
      "step4": {
        "successful": 1,
        "total": 1,
        "success_rate": 100.0
      },
      "total": {
        "successful": 1,
        "total": 1,
        "success_rate": 100.0
      }
    },
    "failed_steps_by_test": {},
    "error_types": {}
  }
}