{
  "metadata": {
    "adapter": "ourimplementation",
    "total_tests": 1,
    "run_id": "ourimplementation_20260210_171000",
    "timestamp": "2026-02-10T17:10:22.630684"
  },
  "tests": [
    {
      "test_name": "large_001",
      "frame_size": 15,
      "sources_count": 3,
      "iterations_count": 1
    }
  ],
  "statistics": {
    "total_tests": 1,
    "tests_with_failed_steps": 0,
    "tests_with_full_conflict": 0,
    "frame_size": {
      "min": 15,
      "max": 15,
      "mean": 15,
      "median": 15
    },
    "sources_count": {
      "min": 3,
      "max": 3,
      "mean": 3,
      "median": 3
    },
    "performance": {
      "step1": {
        "time_ms": {
          "min": 95.57470004074275,
          "max": 95.57470004074275,
          "mean": 95.57470004074275,
          "median": 95.57470004074275,
          "std": 0,
          "sample_count": 1,
          "success_count": 1,
          "success_rate": 100.0
        }
      },
      "step2": {
        "time_ms": {
          "min": 30.917300027795136,
          "max": 30.917300027795136,
          "mean": 30.917300027795136,
          "median": 30.917300027795136,
          "std": 0,
          "sample_count": 1,
          "success_count": 1,
          "success_rate": 100.0
        }
      },
      "step3": {
        "time_ms": {
          "min": 58.89659991953522,
          "max": 58.89659991953522,
          "mean": 58.89659991953522,
          "median": 58.89659991953522,
          "std": 0,
          "sample_count": 1,
          "success_count": 1,
          "success_rate": 100.0
        }
      },
      "step4": {
        "time_ms": {
          "min": 42.72660007700324,
          "max": 42.72660007700324,
          "mean": 42.72660007700324,
          "median": 42.72660007700324,
          "std": 0,
          "sample_count": 1,
          "success_count": 1,
          "success_rate": 100.0
        }
      },
      "total": {
        "time_ms": {
          "min": 228.11520006507635,
          "max": 228.11520006507635,
          "mean": 228.11520006507635,
          "median": 228.11520006507635,
          "std": 0,
          "sample_count": 1,
          "success_count": 1,
          "success_rate": 100.0
        }
      }
    }
  },
  "detailed_analysis": {
    "step_performance": {
      "step1": [
        95.57470004074275
      ],
      "step2": [
        30.917300027795136
      ],
      "step3": [
        58.89659991953522
      ],
      "step4": [
        42.72660007700324
      ],
      "total": [
        228.11520006507635
      ]
    },
    "step_success_rates": {
      "step1": {
        "successful": 1,
        "total": 1,
        "success_rate": 100.0
      },
      "step2": {
        "successful": 1,
        "total": 1,
        "success_rate": 100.0
      },
      "step3": {
        "successful": 1,
        "total": 1,
        "success_rate": 100.0
      },
      "step4": {
        "successful": 1,
        "total": 1,
        "success_rate": 100.0
      },
      "total": {
        "successful": 1,
        "total": 1,
        "success_rate": 100.0
      }
    },
    "failed_steps_by_test": {},
    "error_types": {}
  }
}