{
  "metadata": {
    "adapter": "ourimplementation",
    "total_tests": 2,
    "run_id": "20260212_195700",
    "timestamp": "2026-02-12T19:57:51.431835"
  },
  "tests": [
    {
      "test_name": "large_001",
      "frame_size": 15,
      "sources_count": 3,
      "iterations_count": 1
    },
    {
      "test_name": "large_002",
      "frame_size": 15,
      "sources_count": 3,
      "iterations_count": 1
    }
  ],
  "statistics": {
    "total_tests": 2,
    "tests_with_failed_steps": 0,
    "tests_with_full_conflict": 0,
    "frame_size": {
      "min": 15,
      "max": 15,
      "mean": 15,
      "median": 15.0
    },
    "sources_count": {
      "min": 3,
      "max": 3,
      "mean": 3,
      "median": 3.0
    },
    "performance": {
      "step1": {
        "time_ms": {
          "min": 173.19480000151088,
          "max": 185.09650000487454,
          "mean": 179.1456500031927,
          "median": 179.1456500031927,
          "std": 8.415772780026398,
          "sample_count": 2,
          "success_count": 2,
          "success_rate": 100.0
        }
      },
      "step2": {
        "time_ms": {
          "min": 65.73930000013206,
          "max": 70.70840000233147,
          "mean": 68.22385000123177,
          "median": 68.22385000123177,
          "std": 3.513684307949292,
          "sample_count": 2,
          "success_count": 2,
          "success_rate": 100.0
        }
      },
      "step3": {
        "time_ms": {
          "min": 120.98400000104448,
          "max": 127.27299999824027,
          "mean": 124.12849999964237,
          "median": 124.12849999964237,
          "std": 4.44699454489932,
          "sample_count": 2,
          "success_count": 2,
          "success_rate": 100.0
        }
      },
      "step4": {
        "time_ms": {
          "min": 72.53740000305697,
          "max": 80.1114999994752,
          "mean": 76.32445000126609,
          "median": 76.32445000126609,
          "std": 5.355697468852333,
          "sample_count": 2,
          "success_count": 2,
          "success_rate": 100.0
        }
      },
      "total": {
        "time_ms": {
          "min": 444.35720000910806,
          "max": 451.2877000015578,
          "mean": 447.82245000533294,
          "median": 447.82245000533294,
          "std": 4.900603541674547,
          "sample_count": 2,
          "success_count": 2,
          "success_rate": 100.0
        }
      }
    }
  },
  "detailed_analysis": {
    "step_performance": {
      "step1": [
        185.09650000487454,
        173.19480000151088
      ],
      "step2": [
        65.73930000013206,
        70.70840000233147
      ],
      "step3": [
        120.98400000104448,
        127.27299999824027
      ],
      "step4": [
        72.53740000305697,
        80.1114999994752
      ],
      "total": [
        444.35720000910806,
        451.2877000015578
      ]
    },
    "step_success_rates": {
      "step1": {
        "successful": 2,
        "total": 2,
        "success_rate": 100.0
      },
      "step2": {
        "successful": 2,
        "total": 2,
        "success_rate": 100.0
      },
      "step3": {
        "successful": 2,
        "total": 2,
        "success_rate": 100.0
      },
      "step4": {
        "successful": 2,
        "total": 2,
        "success_rate": 100.0
      },
      "total": {
        "successful": 2,
        "total": 2,
        "success_rate": 100.0
      }
    },
    "failed_steps_by_test": {},
    "error_types": {}
  }
}