{
  "run_meta": {
    "adapter": "our",
    "run_id": "20260218_025246",
    "generated_at": "2026-02-18T02:53:56.080421",
    "discovered_tests": 2,
    "executed_tests": 2,
    "run_dir": "results\\profiling\\our\\20260218_025246"
  },
  "totals": {
    "success": 2,
    "failed": 0,
    "full_conflict": 0,
    "not_supported": 0
  },
  "tests": [
    {
      "test_name": "large_001",
      "status": "success",
      "frame_size": 15,
      "sources_count": 3,
      "input_ref": "input/large_001_input.json",
      "result_ref": "test_results/large_001_results.json",
      "iterations_count": 1,
      "steps": {
        "step1": {
          "name": "step1_original",
          "samples": {
            "time_total_ms": {
              "sample_count": 1,
              "mean": 230.40130001027137,
              "min": 230.40130001027137,
              "max": 230.40130001027137,
              "median": 230.40130001027137,
              "std": 0.0
            },
            "time_per_repeat_ms": {
              "sample_count": 1,
              "mean": 115.20065000513569,
              "min": 115.20065000513569,
              "max": 115.20065000513569,
              "median": 115.20065000513569,
              "std": 0.0
            }
          }
        },
        "step2": {
          "name": "step2_dempster",
          "samples": {
            "time_total_ms": {
              "sample_count": 1,
              "mean": 93.14110002014786,
              "min": 93.14110002014786,
              "max": 93.14110002014786,
              "median": 93.14110002014786,
              "std": 0.0
            },
            "time_per_repeat_ms": {
              "sample_count": 1,
              "mean": 46.57055001007393,
              "min": 46.57055001007393,
              "max": 46.57055001007393,
              "median": 46.57055001007393,
              "std": 0.0
            }
          }
        },
        "step3": {
          "name": "step3_discount_dempster",
          "samples": {
            "time_total_ms": {
              "sample_count": 1,
              "mean": 156.40330000314862,
              "min": 156.40330000314862,
              "max": 156.40330000314862,
              "median": 156.40330000314862,
              "std": 0.0
            },
            "time_per_repeat_ms": {
              "sample_count": 1,
              "mean": 78.20165000157431,
              "min": 78.20165000157431,
              "max": 78.20165000157431,
              "median": 78.20165000157431,
              "std": 0.0
            }
          }
        },
        "step4": {
          "name": "step4_yager",
          "samples": {
            "time_total_ms": {
              "sample_count": 1,
              "mean": 120.76239997986704,
              "min": 120.76239997986704,
              "max": 120.76239997986704,
              "median": 120.76239997986704,
              "std": 0.0
            },
            "time_per_repeat_ms": {
              "sample_count": 1,
              "mean": 60.38119998993352,
              "min": 60.38119998993352,
              "max": 60.38119998993352,
              "median": 60.38119998993352,
              "std": 0.0
            }
          }
        }
      },
      "errors": [],
      "total_time_ms": {
        "sample_count": 1,
        "mean": 600.7081000134349,
        "min": 600.7081000134349,
        "max": 600.7081000134349,
        "median": 600.7081000134349,
        "std": 0.0
      },
      "total_time_per_repeat_ms": {
        "sample_count": 1,
        "mean": 300.35405000671744,
        "min": 300.35405000671744,
        "max": 300.35405000671744,
        "median": 300.35405000671744,
        "std": 0.0
      }
    },
    {
      "test_name": "large_002",
      "status": "success",
      "frame_size": 15,
      "sources_count": 3,
      "input_ref": "input/large_002_input.json",
      "result_ref": "test_results/large_002_results.json",
      "iterations_count": 1,
      "steps": {
        "step1": {
          "name": "step1_original",
          "samples": {
            "time_total_ms": {
              "sample_count": 1,
              "mean": 263.46089999424294,
              "min": 263.46089999424294,
              "max": 263.46089999424294,
              "median": 263.46089999424294,
              "std": 0.0
            },
            "time_per_repeat_ms": {
              "sample_count": 1,
              "mean": 131.73044999712147,
              "min": 131.73044999712147,
              "max": 131.73044999712147,
              "median": 131.73044999712147,
              "std": 0.0
            }
          }
        },
        "step2": {
          "name": "step2_dempster",
          "samples": {
            "time_total_ms": {
              "sample_count": 1,
              "mean": 95.47150001162663,
              "min": 95.47150001162663,
              "max": 95.47150001162663,
              "median": 95.47150001162663,
              "std": 0.0
            },
            "time_per_repeat_ms": {
              "sample_count": 1,
              "mean": 47.735750005813316,
              "min": 47.735750005813316,
              "max": 47.735750005813316,
              "median": 47.735750005813316,
              "std": 0.0
            }
          }
        },
        "step3": {
          "name": "step3_discount_dempster",
          "samples": {
            "time_total_ms": {
              "sample_count": 1,
              "mean": 155.68770002573729,
              "min": 155.68770002573729,
              "max": 155.68770002573729,
              "median": 155.68770002573729,
              "std": 0.0
            },
            "time_per_repeat_ms": {
              "sample_count": 1,
              "mean": 77.84385001286864,
              "min": 77.84385001286864,
              "max": 77.84385001286864,
              "median": 77.84385001286864,
              "std": 0.0
            }
          }
        },
        "step4": {
          "name": "step4_yager",
          "samples": {
            "time_total_ms": {
              "sample_count": 1,
              "mean": 94.62529997108504,
              "min": 94.62529997108504,
              "max": 94.62529997108504,
              "median": 94.62529997108504,
              "std": 0.0
            },
            "time_per_repeat_ms": {
              "sample_count": 1,
              "mean": 47.31264998554252,
              "min": 47.31264998554252,
              "max": 47.31264998554252,
              "median": 47.31264998554252,
              "std": 0.0
            }
          }
        }
      },
      "errors": [],
      "total_time_ms": {
        "sample_count": 1,
        "mean": 609.2454000026919,
        "min": 609.2454000026919,
        "max": 609.2454000026919,
        "median": 609.2454000026919,
        "std": 0.0
      },
      "total_time_per_repeat_ms": {
        "sample_count": 1,
        "mean": 304.62270000134595,
        "min": 304.62270000134595,
        "max": 304.62270000134595,
        "median": 304.62270000134595,
        "std": 0.0
      }
    }
  ],
  "statistics": {
    "steps": {
      "step1": {
        "counts": {
          "applicable": 2,
          "success": 2,
          "failed": 0,
          "full_conflict": 0,
          "not_supported": 0
        },
        "success_rate": 100.0,
        "time_total_ms": {
          "sample_count": 2,
          "mean": 246.93110000225715,
          "min": 230.40130001027137,
          "max": 263.46089999424294,
          "median": 246.93110000225715,
          "std": 23.376667331980972
        },
        "time_per_repeat_ms": {
          "sample_count": 2,
          "mean": 123.46555000112858,
          "min": 115.20065000513569,
          "max": 131.73044999712147,
          "median": 123.46555000112858,
          "std": 11.688333665990486
        }
      },
      "step2": {
        "counts": {
          "applicable": 2,
          "success": 2,
          "failed": 0,
          "full_conflict": 0,
          "not_supported": 0
        },