{
  "metadata": {
    "adapter": "ourimplementation",
    "total_tests": 2,
    "run_id": "20260212_221007",
    "timestamp": "2026-02-12T22:10:56.599699"
  },
  "tests": [
    {
      "test_name": "large_001",
      "frame_size": 15,
      "sources_count": 3,
      "iterations_count": 1
    },
    {
      "test_name": "large_002",
      "frame_size": 15,
      "sources_count": 3,
      "iterations_count": 1
    }
  ],
  "statistics": {
    "total_tests": 2,
    "tests_with_failed_steps": 0,
    "tests_with_full_conflict": 0,
    "frame_size": {
      "min": 15,
      "max": 15,
      "mean": 15,
      "median": 15.0
    },
    "sources_count": {
      "min": 3,
      "max": 3,
      "mean": 3,
      "median": 3.0
    },
    "performance": {
      "step1": {
        "time_ms": {
          "min": 162.9594999976689,
          "max": 180.2871999971103,
          "mean": 171.6233499973896,
          "median": 171.6233499973896,
          "std": 12.252534171971144,
          "sample_count": 2,
          "success_count": 2,
          "success_rate": 100.0
        }
      },
      "step2": {
        "time_ms": {
          "min": 67.12069999775849,
          "max": 69.40310000209138,
          "mean": 68.26189999992494,
          "median": 68.26189999992494,
          "std": 1.6139005204439885,
          "sample_count": 2,
          "success_count": 2,
          "success_rate": 100.0
        }
      },
      "step3": {
        "time_ms": {
          "min": 118.90110000240384,
          "max": 124.94880000303965,
          "mean": 121.92495000272174,
          "median": 121.92495000272174,
          "std": 4.276369681031472,
          "sample_count": 2,
          "success_count": 2,
          "success_rate": 100.0
        }
      },
      "step4": {
        "time_ms": {
          "min": 72.11490000190679,
          "max": 73.61559999844758,
          "mean": 72.86525000017718,
          "median": 72.86525000017718,
          "std": 1.06115514408062,
          "sample_count": 2,
          "success_count": 2,
          "success_rate": 100.0
        }
      },
      "total": {
        "time_ms": {
          "min": 430.9270000012475,
          "max": 438.4238999991794,
          "mean": 434.67545000021346,
          "median": 434.67545000021346,
          "std": 5.3011088264150645,
          "sample_count": 2,
          "success_count": 2,
          "success_rate": 100.0
        }
      }
    }
  },
  "detailed_analysis": {
    "step_performance": {
      "step1": [
        180.2871999971103,
        162.9594999976689
      ],
      "step2": [
        67.12069999775849,
        69.40310000209138
      ],
      "step3": [
        118.90110000240384,
        124.94880000303965
      ],
      "step4": [
        72.11490000190679,
        73.61559999844758
      ],
      "total": [
        438.4238999991794,
        430.9270000012475
      ]
    },
    "step_success_rates": {
      "step1": {
        "successful": 2,
        "total": 2,
        "success_rate": 100.0
      },
      "step2": {
        "successful": 2,
        "total": 2,
        "success_rate": 100.0
      },
      "step3": {
        "successful": 2,
        "total": 2,
        "success_rate": 100.0
      },
      "step4": {
        "successful": 2,
        "total": 2,
        "success_rate": 100.0
      },
      "total": {
        "successful": 2,
        "total": 2,
        "success_rate": 100.0
      }
    },
    "failed_steps_by_test": {},
    "error_types": {}
  }
}