{
  "metadata": {
    "adapter": "ourimplementation",
    "total_tests": 2,
    "run_id": "20260212_204211",
    "timestamp": "2026-02-12T20:43:07.241724"
  },
  "tests": [
    {
      "test_name": "large_001",
      "frame_size": 15,
      "sources_count": 3,
      "iterations_count": 1
    },
    {
      "test_name": "large_002",
      "frame_size": 15,
      "sources_count": 3,
      "iterations_count": 1
    }
  ],
  "statistics": {
    "total_tests": 2,
    "tests_with_failed_steps": 0,
    "tests_with_full_conflict": 0,
    "frame_size": {
      "min": 15,
      "max": 15,
      "mean": 15,
      "median": 15.0
    },
    "sources_count": {
      "min": 3,
      "max": 3,
      "mean": 3,
      "median": 3.0
    },
    "performance": {
      "step1": {
        "time_ms": {
          "min": 190.25469999905908,
          "max": 212.79710000089835,
          "mean": 201.52589999997872,
          "median": 201.52589999997872,
          "std": 15.939883905520189,
          "sample_count": 2,
          "success_count": 2,
          "success_rate": 100.0
        }
      },
      "step2": {
        "time_ms": {
          "min": 68.53979999868898,
          "max": 95.3728999957093,
          "mean": 81.95634999719914,
          "median": 81.95634999719914,
          "std": 18.9738669681498,
          "sample_count": 2,
          "success_count": 2,
          "success_rate": 100.0
        }
      },
      "step3": {
        "time_ms": {
          "min": 140.8305000004475,
          "max": 156.40580000035698,
          "mean": 148.61815000040224,
          "median": 148.61815000040224,
          "std": 11.013400248950823,
          "sample_count": 2,
          "success_count": 2,
          "success_rate": 100.0
        }
      },
      "step4": {
        "time_ms": {
          "min": 73.96539999899687,
          "max": 80.54550000088057,
          "mean": 77.25544999993872,
          "median": 77.25544999993872,
          "std": 4.652833332217574,
          "sample_count": 2,
          "success_count": 2,
          "success_rate": 100.0
        }
      },
      "total": {
        "time_ms": {
          "min": 473.59039999719243,
          "max": 545.1212999978452,
          "mean": 509.3558499975188,
          "median": 509.3558499975188,
          "std": 50.57998445483839,
          "sample_count": 2,
          "success_count": 2,
          "success_rate": 100.0
        }
      }
    }
  },
  "detailed_analysis": {
    "step_performance": {
      "step1": [
        212.79710000089835,
        190.25469999905908
      ],
      "step2": [
        95.3728999957093,
        68.53979999868898
      ],
      "step3": [
        156.40580000035698,
        140.8305000004475
      ],
      "step4": [
        80.54550000088057,
        73.96539999899687
      ],
      "total": [
        545.1212999978452,
        473.59039999719243
      ]
    },
    "step_success_rates": {
      "step1": {
        "successful": 2,
        "total": 2,
        "success_rate": 100.0
      },
      "step2": {
        "successful": 2,
        "total": 2,
        "success_rate": 100.0
      },
      "step3": {
        "successful": 2,
        "total": 2,
        "success_rate": 100.0
      },
      "step4": {
        "successful": 2,
        "total": 2,
        "success_rate": 100.0
      },
      "total": {
        "successful": 2,
        "total": 2,
        "success_rate": 100.0
      }
    },
    "failed_steps_by_test": {},
    "error_types": {}
  }
}