{
  "metadata": {
    "adapter": "ourimplementation",
    "total_tests": 1,
    "run_id": "ourimplementation_20260210_151900",
    "timestamp": "2026-02-10T15:19:13.710209"
  },
  "tests": [
    {
      "test_name": "large_001",
      "frame_size": 15,
      "sources_count": 3,
      "iterations_count": 1
    }
  ],
  "statistics": {
    "total_tests": 1,
    "tests_with_failed_steps": 0,
    "tests_with_full_conflict": 0,
    "frame_size": {
      "min": 15,
      "max": 15,
      "mean": 15,
      "median": 15
    },
    "sources_count": {
      "min": 3,
      "max": 3,
      "mean": 3,
      "median": 3
    },
    "performance": {
      "step1": {
        "time_ms": {
          "min": 92.33949996996671,
          "max": 92.33949996996671,
          "mean": 92.33949996996671,
          "median": 92.33949996996671,
          "std": 0,
          "sample_count": 1,
          "success_count": 1,
          "success_rate": 100.0
        }
      },
      "step2": {
        "time_ms": {
          "min": 31.24089993070811,
          "max": 31.24089993070811,
          "mean": 31.24089993070811,
          "median": 31.24089993070811,
          "std": 0,
          "sample_count": 1,
          "success_count": 1,
          "success_rate": 100.0
        }
      },
      "step3": {
        "time_ms": {
          "min": 59.10840001888573,
          "max": 59.10840001888573,
          "mean": 59.10840001888573,
          "median": 59.10840001888573,
          "std": 0,
          "sample_count": 1,
          "success_count": 1,
          "success_rate": 100.0
        }
      },
      "step4": {
        "time_ms": {
          "min": 35.43090005405247,
          "max": 35.43090005405247,
          "mean": 35.43090005405247,
          "median": 35.43090005405247,
          "std": 0,
          "sample_count": 1,
          "success_count": 1,
          "success_rate": 100.0
        }
      },
      "total": {
        "time_ms": {
          "min": 218.11969997361302,
          "max": 218.11969997361302,
          "mean": 218.11969997361302,
          "median": 218.11969997361302,
          "std": 0,
          "sample_count": 1,
          "success_count": 1,
          "success_rate": 100.0
        }
      }
    }
  },
  "detailed_analysis": {
    "step_performance": {
      "step1": [
        92.33949996996671
      ],
      "step2": [
        31.24089993070811
      ],
      "step3": [
        59.10840001888573
      ],
      "step4": [
        35.43090005405247
      ],
      "total": [
        218.11969997361302
      ]
    },
    "step_success_rates": {
      "step1": {
        "successful": 1,
        "total": 1,
        "success_rate": 100.0
      },
      "step2": {
        "successful": 1,
        "total": 1,
        "success_rate": 100.0
      },
      "step3": {
        "successful": 1,
        "total": 1,
        "success_rate": 100.0
      },
      "step4": {
        "successful": 1,
        "total": 1,
        "success_rate": 100.0
      },
      "total": {
        "successful": 1,
        "total": 1,
        "success_rate": 100.0
      }
    },
    "failed_steps_by_test": {},
    "error_types": {}
  }
}