{
  "metadata": {
    "adapter": "ourimplementation",
    "total_tests": 1,
    "run_id": "ourimplementation_20260207_215919",
    "timestamp": "2026-02-07T21:59:23.924077"
  },
  "tests": [
    {
      "test_name": "large_001",
      "frame_size": 15,
      "sources_count": 3,
      "iterations_count": 1
    }
  ],
  "statistics": {
    "total_tests": 1,
    "tests_with_failed_steps": 0,
    "tests_with_full_conflict": 0,
    "frame_size": {
      "min": 15,
      "max": 15,
      "mean": 15,
      "median": 15
    },
    "sources_count": {
      "min": 3,
      "max": 3,
      "mean": 3,
      "median": 3
    },
    "performance": {
      "step1": {
        "time_ms": {
          "min": 89.32819997426122,
          "max": 89.32819997426122,
          "mean": 89.32819997426122,
          "median": 89.32819997426122,
          "std": 0,
          "sample_count": 1,
          "success_count": 1,
          "success_rate": 100.0
        }
      },
      "step2": {
        "time_ms": {
          "min": 31.707399990409613,
          "max": 31.707399990409613,
          "mean": 31.707399990409613,
          "median": 31.707399990409613,
          "std": 0,
          "sample_count": 1,
          "success_count": 1,
          "success_rate": 100.0
        }
      },
      "step3": {
        "time_ms": {
          "min": 58.09350009076297,
          "max": 58.09350009076297,
          "mean": 58.09350009076297,
          "median": 58.09350009076297,
          "std": 0,
          "sample_count": 1,
          "success_count": 1,
          "success_rate": 100.0
        }
      },
      "step4": {
        "time_ms": {
          "min": 38.10090001206845,
          "max": 38.10090001206845,
          "mean": 38.10090001206845,
          "median": 38.10090001206845,
          "std": 0,
          "sample_count": 1,
          "success_count": 1,
          "success_rate": 100.0
        }
      },
      "total": {
        "time_ms": {
          "min": 217.23000006750226,
          "max": 217.23000006750226,
          "mean": 217.23000006750226,
          "median": 217.23000006750226,
          "std": 0,
          "sample_count": 1,
          "success_count": 1,
          "success_rate": 100.0
        }
      }
    }
  },
  "detailed_analysis": {
    "step_performance": {
      "step1": [
        89.32819997426122
      ],
      "step2": [
        31.707399990409613
      ],
      "step3": [
        58.09350009076297
      ],
      "step4": [
        38.10090001206845
      ],
      "total": [
        217.23000006750226
      ]
    },
    "step_success_rates": {
      "step1": {
        "successful": 1,
        "total": 1,
        "success_rate": 100.0
      },
      "step2": {
        "successful": 1,
        "total": 1,
        "success_rate": 100.0
      },
      "step3": {
        "successful": 1,
        "total": 1,
        "success_rate": 100.0
      },
      "step4": {
        "successful": 1,
        "total": 1,
        "success_rate": 100.0
      },
      "total": {
        "successful": 1,
        "total": 1,
        "success_rate": 100.0
      }
    },
    "failed_steps_by_test": {},
    "error_types": {}
  }
}