{
  "run_meta": {
    "adapter": "our",
    "run_id": "20260218_043814",
    "generated_at": "2026-02-18T04:39:07.934410",
    "discovered_tests": 2,
    "executed_tests": 2,
    "run_dir": "results\\profiling\\our\\20260218_043814"
  },
  "totals": {
    "success": 2,
    "failed": 0,
    "full_conflict": 0,
    "not_supported": 0
  },
  "tests": [
    {
      "test_name": "large_001",
      "status": "success",
      "frame_size": 15,
      "sources_count": 3,
      "input_ref": "input/large_001_input.json",
      "result_ref": "test_results/large_001_results.json",
      "iterations_count": 1,
      "steps": {
        "step1": {
          "name": "step1_original",
          "samples": {
            "time_total_ms": {
              "sample_count": 1,
              "mean": 936.0784000018612,
              "min": 936.0784000018612,
              "max": 936.0784000018612,
              "median": 936.0784000018612,
              "std": 0.0
            },
            "time_per_repeat_ms": {
              "sample_count": 1,
              "mean": 93.60784000018612,
              "min": 93.60784000018612,
              "max": 93.60784000018612,
              "median": 93.60784000018612,
              "std": 0.0
            }
          }
        },
        "step2": {
          "name": "step2_dempster",
          "samples": {
            "time_total_ms": {
              "sample_count": 1,
              "mean": 306.06819997774437,
              "min": 306.06819997774437,
              "max": 306.06819997774437,
              "median": 306.06819997774437,
              "std": 0.0
            },
            "time_per_repeat_ms": {
              "sample_count": 1,
              "mean": 30.606819997774437,
              "min": 30.606819997774437,
              "max": 30.606819997774437,
              "median": 30.606819997774437,
              "std": 0.0
            }
          }
        },
        "step3": {
          "name": "step3_discount_dempster",
          "samples": {
            "time_total_ms": {
              "sample_count": 1,
              "mean": 807.4536000494845,
              "min": 807.4536000494845,
              "max": 807.4536000494845,
              "median": 807.4536000494845,
              "std": 0.0
            },
            "time_per_repeat_ms": {
              "sample_count": 1,
              "mean": 80.74536000494845,
              "min": 80.74536000494845,
              "max": 80.74536000494845,
              "median": 80.74536000494845,
              "std": 0.0
            }
          }
        },
        "step4": {
          "name": "step4_yager",
          "samples": {
            "time_total_ms": {
              "sample_count": 1,
              "mean": 434.77439996786416,
              "min": 434.77439996786416,
              "max": 434.77439996786416,
              "median": 434.77439996786416,
              "std": 0.0
            },
            "time_per_repeat_ms": {
              "sample_count": 1,
              "mean": 43.477439996786416,
              "min": 43.477439996786416,
              "max": 43.477439996786416,
              "median": 43.477439996786416,
              "std": 0.0
            }
          }
        }
      },
      "errors": [],
      "total_time_ms": {
        "sample_count": 1,
        "mean": 2484.374599996954,
        "min": 2484.374599996954,
        "max": 2484.374599996954,
        "median": 2484.374599996954,
        "std": 0.0
      },
      "total_time_per_repeat_ms": {
        "sample_count": 1,
        "mean": 248.43745999969542,
        "min": 248.43745999969542,
        "max": 248.43745999969542,
        "median": 248.43745999969542,
        "std": 0.0
      }
    },
    {
      "test_name": "large_002",
      "status": "success",
      "frame_size": 15,
      "sources_count": 3,
      "input_ref": "input/large_002_input.json",
      "result_ref": "test_results/large_002_results.json",
      "iterations_count": 1,
      "steps": {
        "step1": {
          "name": "step1_original",
          "samples": {
            "time_total_ms": {
              "sample_count": 1,
              "mean": 1191.9803000055254,
              "min": 1191.9803000055254,
              "max": 1191.9803000055254,
              "median": 1191.9803000055254,
              "std": 0.0
            },
            "time_per_repeat_ms": {
              "sample_count": 1,
              "mean": 119.19803000055254,
              "min": 119.19803000055254,
              "max": 119.19803000055254,
              "median": 119.19803000055254,
              "std": 0.0
            }
          }
        },
        "step2": {
          "name": "step2_dempster",
          "samples": {
            "time_total_ms": {
              "sample_count": 1,
              "mean": 308.4746999666095,
              "min": 308.4746999666095,
              "max": 308.4746999666095,
              "median": 308.4746999666095,
              "std": 0.0
            },
            "time_per_repeat_ms": {
              "sample_count": 1,
              "mean": 30.847469996660948,
              "min": 30.847469996660948,
              "max": 30.847469996660948,
              "median": 30.847469996660948,
              "std": 0.0
            }
          }
        },
        "step3": {
          "name": "step3_discount_dempster",
          "samples": {
            "time_total_ms": {
              "sample_count": 1,
              "mean": 602.753599989228,
              "min": 602.753599989228,
              "max": 602.753599989228,
              "median": 602.753599989228,
              "std": 0.0
            },
            "time_per_repeat_ms": {
              "sample_count": 1,
              "mean": 60.275359998922795,
              "min": 60.275359998922795,
              "max": 60.275359998922795,
              "median": 60.275359998922795,
              "std": 0.0
            }
          }
        },
        "step4": {
          "name": "step4_yager",
          "samples": {
            "time_total_ms": {
              "sample_count": 1,
              "mean": 347.3267999943346,
              "min": 347.3267999943346,
              "max": 347.3267999943346,
              "median": 347.3267999943346,
              "std": 0.0
            },
            "time_per_repeat_ms": {
              "sample_count": 1,
              "mean": 34.73267999943346,
              "min": 34.73267999943346,
              "max": 34.73267999943346,
              "median": 34.73267999943346,
              "std": 0.0
            }
          }
        }
      },
      "errors": [],
      "total_time_ms": {
        "sample_count": 1,
        "mean": 2450.5353999556974,
        "min": 2450.5353999556974,
        "max": 2450.5353999556974,
        "median": 2450.5353999556974,
        "std": 0.0
      },
      "total_time_per_repeat_ms": {
        "sample_count": 1,
        "mean": 245.05353999556974,
        "min": 245.05353999556974,
        "max": 245.05353999556974,
        "median": 245.05353999556974,
        "std": 0.0
      }
    }
  ],
  "statistics": {
    "steps": {
      "step1": {
        "counts": {
          "applicable": 2,
          "success": 2,
          "failed": 0,
          "full_conflict": 0,
          "not_supported": 0
        },
        "success_rate": 100.0,
        "time_total_ms": {
          "sample_count": 2,
          "mean": 1064.0293500036933,
          "min": 936.0784000018612,
          "max": 1191.9803000055254,
          "median": 1064.0293500036933,
          "std": 180.94996881111274
        },
        "time_per_repeat_ms": {
          "sample_count": 2,
          "mean": 106.40293500036933,
          "min": 93.60784000018612,
          "max": 119.19803000055254,
          "median": 106.40293500036933,
          "std": 18.094996881111275
        }
      },
      "step2": {
        "counts": {
          "applicable": 2,
          "success": 2,
          "failed": 0,
          "full_conflict": 0,
          "not_supported": 0
        },