{
  "run_meta": {
    "adapter": "dstpy",
    "run_id": "20260218_043959",
    "generated_at": "2026-02-18T04:41:03.651446",
    "discovered_tests": 2,
    "executed_tests": 2,
    "run_dir": "results\\profiling\\dstpy\\20260218_043959"
  },
  "totals": {
    "success": 2,
    "failed": 0,
    "full_conflict": 0,
    "not_supported": 0
  },
  "tests": [
    {
      "test_name": "large_001",
      "status": "success",
      "frame_size": 15,
      "sources_count": 3,
      "input_ref": "input/large_001_input.json",
      "result_ref": "test_results/large_001_results.json",
      "iterations_count": 1,
      "steps": {
        "step1": {
          "name": "step1_original",
          "samples": {
            "time_total_ms": {
              "sample_count": 1,
              "mean": 2192.838799965102,
              "min": 2192.838799965102,
              "max": 2192.838799965102,
              "median": 2192.838799965102,
              "std": 0.0
            },
            "time_per_repeat_ms": {
              "sample_count": 1,
              "mean": 219.28387999651022,
              "min": 219.28387999651022,
              "max": 219.28387999651022,
              "median": 219.28387999651022,
              "std": 0.0
            }
          }
        },
        "step2": {
          "name": "step2_dempster",
          "samples": {
            "time_total_ms": {
              "sample_count": 1,
              "mean": 510.2523999521509,
              "min": 510.2523999521509,
              "max": 510.2523999521509,
              "median": 510.2523999521509,
              "std": 0.0
            },
            "time_per_repeat_ms": {
              "sample_count": 1,
              "mean": 51.02523999521509,
              "min": 51.02523999521509,
              "max": 51.02523999521509,
              "median": 51.02523999521509,
              "std": 0.0
            }
          }
        },
        "step3": {
          "name": "step3_discount_dempster",
          "samples": {
            "time_total_ms": {
              "sample_count": 1,
              "mean": 1710.067500011064,
              "min": 1710.067500011064,
              "max": 1710.067500011064,
              "median": 1710.067500011064,
              "std": 0.0
            },
            "time_per_repeat_ms": {
              "sample_count": 1,
              "mean": 171.0067500011064,
              "min": 171.0067500011064,
              "max": 171.0067500011064,
              "median": 171.0067500011064,
              "std": 0.0
            }
          }
        },
        "step4": {
          "name": "step4_yager",
          "samples": {
            "time_total_ms": {
              "sample_count": 1,
              "mean": 856.246999988798,
              "min": 856.246999988798,
              "max": 856.246999988798,
              "median": 856.246999988798,
              "std": 0.0
            },
            "time_per_repeat_ms": {
              "sample_count": 1,
              "mean": 85.6246999988798,
              "min": 85.6246999988798,
              "max": 85.6246999988798,
              "median": 85.6246999988798,
              "std": 0.0
            }
          }
        }
      },
      "errors": [],
      "total_time_ms": {
        "sample_count": 1,
        "mean": 5269.405699917115,
        "min": 5269.405699917115,
        "max": 5269.405699917115,
        "median": 5269.405699917115,
        "std": 0.0
      },
      "total_time_per_repeat_ms": {
        "sample_count": 1,
        "mean": 526.9405699917115,
        "min": 526.9405699917115,
        "max": 526.9405699917115,
        "median": 526.9405699917115,
        "std": 0.0
      }
    },
    {
      "test_name": "large_002",
      "status": "success",
      "frame_size": 15,
      "sources_count": 3,
      "input_ref": "input/large_002_input.json",
      "result_ref": "test_results/large_002_results.json",
      "iterations_count": 1,
      "steps": {
        "step1": {
          "name": "step1_original",
          "samples": {
            "time_total_ms": {
              "sample_count": 1,
              "mean": 2067.646000010427,
              "min": 2067.646000010427,
              "max": 2067.646000010427,
              "median": 2067.646000010427,
              "std": 0.0
            },
            "time_per_repeat_ms": {
              "sample_count": 1,
              "mean": 206.7646000010427,
              "min": 206.7646000010427,
              "max": 206.7646000010427,
              "median": 206.7646000010427,
              "std": 0.0
            }
          }
        },
        "step2": {
          "name": "step2_dempster",
          "samples": {
            "time_total_ms": {
              "sample_count": 1,
              "mean": 613.8290999806486,
              "min": 613.8290999806486,
              "max": 613.8290999806486,
              "median": 613.8290999806486,
              "std": 0.0
            },
            "time_per_repeat_ms": {
              "sample_count": 1,
              "mean": 61.38290999806486,
              "min": 61.38290999806486,
              "max": 61.38290999806486,
              "median": 61.38290999806486,
              "std": 0.0
            }
          }
        },
        "step3": {
          "name": "step3_discount_dempster",
          "samples": {
            "time_total_ms": {
              "sample_count": 1,
              "mean": 1553.6739999661222,
              "min": 1553.6739999661222,
              "max": 1553.6739999661222,
              "median": 1553.6739999661222,
              "std": 0.0
            },
            "time_per_repeat_ms": {
              "sample_count": 1,
              "mean": 155.36739999661222,
              "min": 155.36739999661222,
              "max": 155.36739999661222,
              "median": 155.36739999661222,
              "std": 0.0
            }
          }
        },
        "step4": {
          "name": "step4_yager",
          "samples": {
            "time_total_ms": {
              "sample_count": 1,
              "mean": 830.7796000153758,
              "min": 830.7796000153758,
              "max": 830.7796000153758,
              "median": 830.7796000153758,
              "std": 0.0
            },
            "time_per_repeat_ms": {
              "sample_count": 1,
              "mean": 83.07796000153758,
              "min": 83.07796000153758,
              "max": 83.07796000153758,
              "median": 83.07796000153758,
              "std": 0.0
            }
          }
        }
      },
      "errors": [],
      "total_time_ms": {
        "sample_count": 1,
        "mean": 5065.928699972574,
        "min": 5065.928699972574,
        "max": 5065.928699972574,
        "median": 5065.928699972574,
        "std": 0.0
      },
      "total_time_per_repeat_ms": {
        "sample_count": 1,
        "mean": 506.59286999725737,
        "min": 506.59286999725737,
        "max": 506.59286999725737,
        "median": 506.59286999725737,
        "std": 0.0
      }
    }
  ],
  "statistics": {
    "steps": {
      "step1": {
        "counts": {
          "applicable": 2,
          "success": 2,
          "failed": 0,
          "full_conflict": 0,
          "not_supported": 0
        },
        "success_rate": 100.0,
        "time_total_ms": {
          "sample_count": 2,
          "mean": 2130.2423999877647,
          "min": 2067.646000010427,
          "max": 2192.838799965102,
          "median": 2130.2423999877647,
          "std": 88.52467780368168
        },
        "time_per_repeat_ms": {
          "sample_count": 2,
          "mean": 213.02423999877647,
          "min": 206.7646000010427,
          "max": 219.28387999651022,
          "median": 213.02423999877647,
          "std": 8.852467780368169
        }
      },
      "step2": {
        "counts": {
          "applicable": 2,
          "success": 2,
          "failed": 0,
          "full_conflict": 0,
          "not_supported": 0
        },
        "success_rate": 100.0,