{
  "metadata": {
    "adapter": "dstz",
    "total_tests": 2,
    "run_id": "20260217_030908",
    "timestamp": "2026-02-17T03:10:12.888686"
  },
  "tests": [
    {
      "test_name": "large_001",
      "frame_size": 15,
      "sources_count": 3,
      "iterations_count": 1
    },
    {
      "test_name": "large_002",
      "frame_size": 15,
      "sources_count": 3,
      "iterations_count": 1
    }
  ],
  "statistics": {
    "total_tests": 2,
    "tests_with_failed_steps": 0,
    "tests_with_full_conflict": 0,
    "frame_size": {
      "min": 15,
      "max": 15,
      "mean": 15,
      "median": 15.0
    },
    "sources_count": {
      "min": 3,
      "max": 3,
      "mean": 3,
      "median": 3.0
    },
    "performance": {
      "step1": {
        "time_ms": {
          "min": 289.8886000039056,
          "max": 504.057600046508,
          "mean": 396.9731000252068,
          "median": 396.9731000252068,
          "std": 151.44035225006616,
          "sample_count": 2,
          "success_count": 2,
          "success_rate": 100.0
        }
      },
      "step2": {
        "time_ms": {
          "min": 218.24999997625127,
          "max": 355.52179999649525,
          "mean": 286.88589998637326,
          "median": 286.88589998637326,
          "std": 97.06582065999817,
          "sample_count": 2,
          "success_count": 2,
          "success_rate": 100.0
        }
      },
      "step3": {
        "time_ms": {
          "min": 403.8388999761082,
          "max": 723.0296999914572,
          "mean": 563.4342999837827,
          "median": 563.4342999837827,
          "std": 225.7019791832124,
          "sample_count": 2,
          "success_count": 2,
          "success_rate": 100.0
        }
      },
      "step4": {
        "time_ms": {
          "min": 289.3208999885246,
          "max": 381.7177999881096,
          "mean": 335.5193499883171,
          "median": 335.5193499883171,
          "std": 65.33447455032187,
          "sample_count": 2,
          "success_count": 2,
          "success_rate": 100.0
        }
      },
      "total": {
        "time_ms": {
          "min": 1415.4673999873921,
          "max": 1750.1578999799676,
          "mean": 1582.8126499836799,
          "median": 1582.8126499836799,
          "std": 236.66192214346626,
          "sample_count": 2,
          "success_count": 2,
          "success_rate": 100.0
        }
      }
    }
  },
  "detailed_analysis": {
    "step_performance": {
      "step1": [
        504.057600046508,
        289.8886000039056
      ],
      "step2": [
        218.24999997625127,
        355.52179999649525
      ],
      "step3": [
        403.8388999761082,
        723.0296999914572
      ],
      "step4": [
        289.3208999885246,
        381.7177999881096
      ],
      "total": [
        1415.4673999873921,
        1750.1578999799676
      ]
    },
    "step_success_rates": {
      "step1": {
        "successful": 2,
        "total": 2,
        "success_rate": 100.0
      },
      "step2": {
        "successful": 2,
        "total": 2,
        "success_rate": 100.0
      },
      "step3": {
        "successful": 2,
        "total": 2,
        "success_rate": 100.0
      },
      "step4": {
        "successful": 2,
        "total": 2,
        "success_rate": 100.0
      },
      "total": {
        "successful": 2,
        "total": 2,
        "success_rate": 100.0
      }
    },
    "failed_steps_by_test": {},
    "error_types": {}
  }
}