{
  "run_meta": {
    "adapter": "pyds",
    "run_id": "20260218_044239",
    "generated_at": "2026-02-18T04:43:33.286302",
    "discovered_tests": 2,
    "executed_tests": 2,
    "run_dir": "results\\profiling\\pyds\\20260218_044239"
  },
  "totals": {
    "success": 2,
    "failed": 0,
    "full_conflict": 0,
    "not_supported": 0
  },
  "tests": [
    {
      "test_name": "large_001",
      "status": "success",
      "frame_size": 15,
      "sources_count": 3,
      "input_ref": "input/large_001_input.json",
      "result_ref": "test_results/large_001_results.json",
      "iterations_count": 1,
      "steps": {
        "step1": {
          "name": "step1_original",
          "samples": {
            "time_total_ms": {
              "sample_count": 1,
              "mean": 875.5025999853387,
              "min": 875.5025999853387,
              "max": 875.5025999853387,
              "median": 875.5025999853387,
              "std": 0.0
            },
            "time_per_repeat_ms": {
              "sample_count": 1,
              "mean": 87.55025999853387,
              "min": 87.55025999853387,
              "max": 87.55025999853387,
              "median": 87.55025999853387,
              "std": 0.0
            }
          }
        },
        "step2": {
          "name": "step2_dempster",
          "samples": {
            "time_total_ms": {
              "sample_count": 1,
              "mean": 398.57739995932207,
              "min": 398.57739995932207,
              "max": 398.57739995932207,
              "median": 398.57739995932207,
              "std": 0.0
            },
            "time_per_repeat_ms": {
              "sample_count": 1,
              "mean": 39.85773999593221,
              "min": 39.85773999593221,
              "max": 39.85773999593221,
              "median": 39.85773999593221,
              "std": 0.0
            }
          }
        },
        "step3": {
          "name": "step3_discount_dempster",
          "samples": {
            "time_total_ms": {
              "sample_count": 0,
              "mean": 0.0,
              "min": 0.0,
              "max": 0.0,
              "median": 0.0,
              "std": 0.0
            },
            "time_per_repeat_ms": {
              "sample_count": 0,
              "mean": 0.0,
              "min": 0.0,
              "max": 0.0,
              "median": 0.0,
              "std": 0.0
            }
          }
        },
        "step4": {
          "name": "step4_yager",
          "samples": {
            "time_total_ms": {
              "sample_count": 0,
              "mean": 0.0,
              "min": 0.0,
              "max": 0.0,
              "median": 0.0,
              "std": 0.0
            },
            "time_per_repeat_ms": {
              "sample_count": 0,
              "mean": 0.0,
              "min": 0.0,
              "max": 0.0,
              "median": 0.0,
              "std": 0.0
            }
          }
        }
      },
      "errors": [
        {
          "iteration": 1,
          "step": "step3_discount_dempster",
          "status": "not_supported",
          "message": "В py_dempster_shafer/pyds отсутствует встроенный метод discounting. Для честного сравнения адаптер не реализует дисконтирование самостоятельно."
        },
        {
          "iteration": 1,
          "step": "step4_yager",
          "status": "not_supported",
          "message": "В py_dempster_shafer/pyds отсутствует встроенное правило Ягера. Для честного сравнения адаптер не реализует его самостоятельно."
        }
      ],
      "total_time_ms": {
        "sample_count": 0,
        "mean": 0.0,
        "min": 0.0,
        "max": 0.0,
        "median": 0.0,
        "std": 0.0
      },
      "total_time_per_repeat_ms": {
        "sample_count": 0,
        "mean": 0.0,
        "min": 0.0,
        "max": 0.0,
        "median": 0.0,
        "std": 0.0
      }
    },
    {
      "test_name": "large_002",
      "status": "success",
      "frame_size": 15,
      "sources_count": 3,
      "input_ref": "input/large_002_input.json",
      "result_ref": "test_results/large_002_results.json",
      "iterations_count": 1,
      "steps": {
        "step1": {
          "name": "step1_original",
          "samples": {
            "time_total_ms": {
              "sample_count": 1,
              "mean": 804.5939999865368,
              "min": 804.5939999865368,
              "max": 804.5939999865368,
              "median": 804.5939999865368,
              "std": 0.0
            },
            "time_per_repeat_ms": {
              "sample_count": 1,
              "mean": 80.45939999865368,
              "min": 80.45939999865368,
              "max": 80.45939999865368,
              "median": 80.45939999865368,
              "std": 0.0
            }
          }
        },
        "step2": {
          "name": "step2_dempster",
          "samples": {
            "time_total_ms": {
              "sample_count": 1,
              "mean": 626.721800013911,
              "min": 626.721800013911,
              "max": 626.721800013911,
              "median": 626.721800013911,
              "std": 0.0
            },
            "time_per_repeat_ms": {
              "sample_count": 1,
              "mean": 62.6721800013911,
              "min": 62.6721800013911,
              "max": 62.6721800013911,
              "median": 62.6721800013911,
              "std": 0.0
            }
          }
        },
        "step3": {
          "name": "step3_discount_dempster",
          "samples": {
            "time_total_ms": {
              "sample_count": 0,
              "mean": 0.0,
              "min": 0.0,
              "max": 0.0,
              "median": 0.0,
              "std": 0.0
            },
            "time_per_repeat_ms": {
              "sample_count": 0,
              "mean": 0.0,
              "min": 0.0,
              "max": 0.0,
              "median": 0.0,
              "std": 0.0
            }
          }
        },
        "step4": {
          "name": "step4_yager",
          "samples": {
            "time_total_ms": {
              "sample_count": 0,
              "mean": 0.0,
              "min": 0.0,
              "max": 0.0,
              "median": 0.0,
              "std": 0.0
            },
            "time_per_repeat_ms": {
              "sample_count": 0,
              "mean": 0.0,
              "min": 0.0,
              "max": 0.0,
              "median": 0.0,
              "std": 0.0
            }
          }
        }
      },
      "errors": [
        {
          "iteration": 1,
          "step": "step3_discount_dempster",
          "status": "not_supported",
          "message": "В py_dempster_shafer/pyds отсутствует встроенный метод discounting. Для честного сравнения адаптер не реализует дисконтирование самостоятельно."
        },
        {
          "iteration": 1,
          "step": "step4_yager",
          "status": "not_supported",
          "message": "В py_dempster_shafer/pyds отсутствует встроенное правило Ягера. Для честного сравнения адаптер не реализует его самостоятельно."
        }
      ],
      "total_time_ms": {
        "sample_count": 0,
        "mean": 0.0,
        "min": 0.0,
        "max": 0.0,
        "median": 0.0,
        "std": 0.0
      },
      "total_time_per_repeat_ms": {
        "sample_count": 0,
        "mean": 0.0,
        "min": 0.0,
        "max": 0.0,
        "median": 0.0,
        "std": 0.0
      }
    }
  ],
  "statistics": {
    "steps": {
      "step1": {
        "counts": {
          "applicable": 2,
          "success": 2,
          "failed": 0,
          "full_conflict": 0,
          "not_supported": 0
        },
        "success_rate": 100.0,
        "time_total_ms": {
          "sample_count": 2,
          "mean": 840.0482999859378,
          "min": 804.5939999865368,
          "max": 875.5025999853387,
          "median": 840.0482999859378,
          "std": 50.13995190359727
        },